{"auc": 0.8174603174603174, "accuracy": 0.8260869565217391, "f1": 0.8571428571428571}