{"auc": 0.8353174603174602, "accuracy": 0.8478260869565217, "f1": 0.8771929824561403}